brigita,test@test.com,2,,
test,test@test.com,1,paieska,2020-11-25
test,test@test.com,1,paieska,2020-11-24
test,test@test.com,1,paieska,
test,test@test.com,1,paieska,
test,test@test.com,1,paieska,
test,test@test.com,1,paieska,2020-11-11
test,test@test.com,1,paieska,2020-11-19
s,s@s.com,1,paieska,2020-11-05
Dom,test@test.com,1,,2021-12-14
Dom,test@test.com,1,,2020-11-01
s,test@test.com,SkrebukasNaminukasAlbumas,paieska,2020-11-03
s,test@test.com,SkrebukasNaminukasAlbumas,paieska,2020-11-30
Lukas,test@test.com,NaminukasAlbumas,rekomendacija,2020-11-29
Varde,pavyzdys@pavyzdys.com,SkrebukasNaminukasAlbumas,paieska,2000-01-01
DOM,d@d.com,Skrebukas,paieska,2020-11-16
dd dd,test@test.com,,,2020-11-27
dd,t@t.com,,,
Dominyka,test@test.com,Skrebukas,paieska,2020-12-23
